[ 0.98838824],0.001,0.016057091882247992
[ 0.98348171],0.002,0.01873327386262266
[ 0.97808313],0.003,0.0231935771632471
[ 0.97500855],0.004,0.026761819803746655
[ 0.96990025],0.005,0.03746654772524532
[ 0.96291852],0.006,0.04727921498661909
[ 0.95972514],0.007,0.049955396966993755
[ 0.95473933],0.008,0.054415700267618196
[ 0.95041919],0.009000000000000001,0.06333630686886708
[ 0.94431257],0.01,0.07314897413024085
[ 0.9397276],0.011,0.07939339875111508
[ 0.93571258],0.012,0.08652988403211419
[ 0.9259398],0.013000000000000001,0.10347903657448707
[ 0.92105418],0.014,0.11239964317573595
[ 0.91789103],0.015,0.11507582515611062
[ 0.91233408],0.016,0.12310437109723461
[ 0.90834558],0.017,0.12845673505798394
[ 0.90481955],0.018000000000000002,0.13291703835860838
[ 0.89966547],0.019,0.1391614629794826
[ 0.89722204],0.02,0.1409455842997324
[ 0.89131355],0.021,0.1471900089206066
[ 0.88317037],0.022,0.15789473684210525
[ 0.87791586],0.023,0.17305976806422838
[ 0.87046623],0.024,0.18287243532560213
[ 0.86130804],0.025,0.1926851025869759
[ 0.85605711],0.026000000000000002,0.19803746654772525
[ 0.85088646],0.027,0.20606601248884923
[ 0.84664303],0.028,0.21141837644959857
[ 0.84321672],0.029,0.21409455842997324
[ 0.83550692],0.03,0.2256913470115968
[ 0.83119643],0.031,0.22747546833184656
[ 0.82687527],0.032,0.2328278322925959
[ 0.82410675],0.033,0.23728813559322035
[ 0.81985813],0.034,0.24353256021409456
[ 0.81414855],0.035,0.24977698483496877
[ 0.8094303],0.036000000000000004,0.2604817127564674
[ 0.80642414],0.037,0.26583407671721676
[ 0.80118424],0.038,0.2711864406779661
[ 0.79682511],0.039,0.2783229259589652
[ 0.79221982],0.04,0.2818911685994648
[ 0.78759176],0.041,0.2863514719000892
[ 0.7830044],0.042,0.2925958965209634
[ 0.77646804],0.043000000000000003,0.3006244424620874
[ 0.77286845],0.044,0.3015165031222123
[ 0.76817971],0.045,0.3050847457627119
[ 0.76261294],0.046,0.31043710972346117
[ 0.75829959],0.047,0.31400535236396077
[ 0.75251883],0.048,0.3193577163247101
[ 0.74845821],0.049,0.32292595896520965
[ 0.74514812],0.05,0.3264942016057092
[ 0.74036437],0.051000000000000004,0.33541480820695807
[ 0.73395866],0.052000000000000005,0.3434433541480821
[ 0.73113215],0.053,0.3479036574487065
[ 0.72702706],0.054,0.35057983942908116
[ 0.72355074],0.055,0.35504014272970563
[ 0.71988821],0.056,0.360392506690455
[ 0.71697468],0.057,0.360392506690455
[ 0.71482354],0.058,0.360392506690455
[ 0.71197748],0.059000000000000004,0.36306868867082964
[ 0.70518827],0.06,0.36574487065120426
[ 0.70167577],0.061,0.3702051739518287
[ 0.69662893],0.062,0.37644959857270294
[ 0.69190818],0.063,0.3818019625334523
[ 0.6888988],0.064,0.38447814451382695
[ 0.6861816],0.065,0.3862622658340767
[ 0.68403],0.066,0.3871543264942016
[ 0.67897052],0.067,0.39339875111507583
[ 0.67685413],0.068,0.3951828724353256
[ 0.67329013],0.069,0.39785905441570024
[ 0.66946703],0.07,0.4023193577163247
[ 0.66580838],0.07100000000000001,0.4041034790365745
[ 0.66168791],0.07200000000000001,0.4085637823371989
[ 0.65870237],0.073,0.41213202497769846
[ 0.65329242],0.074,0.41659232827832293
[ 0.6513564],0.075,0.4192685102586976
[ 0.6479333],0.076,0.42283675289919714
[ 0.64386094],0.077,0.4281891168599465
[ 0.64190888],0.078,0.4299732381801962
[ 0.63860518],0.079,0.43086529884032115
[ 0.63494021],0.08,0.43800178412132024
[ 0.63228381],0.081,0.4415700267618198
[ 0.62920755],0.082,0.4424620874219447
[ 0.62444925],0.083,0.44781445138269405
[ 0.61931598],0.084,0.45495093666369313
[ 0.61609572],0.085,0.4576271186440678
[ 0.61364686],0.08600000000000001,0.46030330062444247
[ 0.61141419],0.08700000000000001,0.46030330062444247
[ 0.60973924],0.088,0.46119536128456734
[ 0.60610968],0.089,0.4647636039250669
[ 0.60270286],0.09,0.4701159678858162
[ 0.6009376],0.091,0.4727921498661909
[ 0.59673744],0.092,0.47368421052631576
[ 0.59348756],0.093,0.47636039250669043
[ 0.59119189],0.094,0.47814451382694023
[ 0.58752036],0.095,0.4817127564674398
[ 0.58421612],0.096,0.48349687778768957
[ 0.5805735],0.097,0.487957181088314
[ 0.57487667],0.098,0.49687778768956287
[ 0.57113481],0.099,0.5022301516503123
[ 0.5690183],0.1,0.504014272970562
[ 0.56392163],0.101,0.5075825156110616
[ 0.56313676],0.10200000000000001,0.5075825156110616
[ 0.55905449],0.10300000000000001,0.5093666369313113
[ 0.55721509],0.10400000000000001,0.5111507582515611
[ 0.55366141],0.105,0.5165031222123104
[ 0.54891407],0.106,0.5218554861730598
[ 0.54515332],0.107,0.5254237288135594
[ 0.54039425],0.108,0.5263157894736842
[ 0.5363726],0.109,0.5289919714540589
[ 0.53059804],0.11,0.5343443354148082
[ 0.52828681],0.111,0.5370205173951829
[ 0.5247283],0.112,0.5405887600356825
[ 0.52160519],0.113,0.5432649420160571
[ 0.51814067],0.114,0.5450490633363069
[ 0.51626682],0.115,0.5459411239964318
[ 0.51299673],0.116,0.5512934879571811
[ 0.51089931],0.117,0.5539696699375558
[ 0.50836003],0.11800000000000001,0.5566458519179304
[ 0.50521159],0.11900000000000001,0.559322033898305
[ 0.50339657],0.12,0.56021409455843
[ 0.50137269],0.121,0.5619982158786797
[ 0.49853215],0.122,0.5655664585191793
[ 0.49488688],0.123,0.5691347011596789
[ 0.49235839],0.124,0.5709188224799286
[ 0.48817492],0.125,0.576271186440678
[ 0.48583353],0.126,0.5771632471008028
[ 0.48437607],0.127,0.5780553077609277
[ 0.48172137],0.128,0.5807314897413024
[ 0.47977242],0.129,0.5816235504014273
[ 0.47813782],0.13,0.5825156110615521
[ 0.47494432],0.131,0.584299732381802
[ 0.47265276],0.132,0.5860838537020517
[ 0.46981412],0.133,0.5878679750223015
[ 0.46765518],0.134,0.5905441570026762
[ 0.46595809],0.135,0.5941123996431757
[ 0.46375728],0.136,0.5958965209634255
[ 0.46172497],0.137,0.5958965209634255
[ 0.45893398],0.138,0.5967885816235504
[ 0.45715728],0.139,0.5976806422836753
[ 0.45228925],0.14,0.6048171275646744
[ 0.44990891],0.14100000000000001,0.6048171275646744
[ 0.44691563],0.14200000000000002,0.6066012488849242
[ 0.44404939],0.14300000000000002,0.6110615521855486
[ 0.44251394],0.14400000000000002,0.6119536128456735
[ 0.44095021],0.145,0.6128456735057984
[ 0.43810913],0.146,0.6164139161462979
[ 0.4358798],0.147,0.6181980374665478
[ 0.43426883],0.148,0.6199821587867975
[ 0.43098983],0.149,0.6226583407671722
[ 0.42856839],0.15,0.6253345227475469
[ 0.42657927],0.151,0.6262265834076717
[ 0.42522281],0.152,0.6280107047279215
[ 0.42396981],0.153,0.6280107047279215
[ 0.42175126],0.154,0.6306868867082962
[ 0.41966519],0.155,0.6306868867082962
[ 0.41787621],0.156,0.631578947368421
[ 0.41748023],0.157,0.631578947368421
[ 0.41330081],0.158,0.6360392506690455
[ 0.41021264],0.159,0.6369313113291704
[ 0.40907317],0.16,0.6369313113291704
[ 0.4073517],0.161,0.6387154326494202
[ 0.40567347],0.162,0.639607493309545
[ 0.40339085],0.163,0.639607493309545
[ 0.40152544],0.164,0.6413916146297948
[ 0.39838642],0.165,0.6431757359500446
[ 0.39641598],0.166,0.6449598572702944
[ 0.39432052],0.167,0.6458519179304193
[ 0.39160493],0.168,0.648528099910794
[ 0.38898715],0.169,0.6503122212310437
[ 0.38710406],0.17,0.6512042818911686
[ 0.38474995],0.171,0.6538804638715433
[ 0.38252658],0.17200000000000001,0.655664585191793
[ 0.37912032],0.17300000000000001,0.656556645851918
[ 0.37581733],0.17400000000000002,0.6574487065120428
[ 0.37358651],0.17500000000000002,0.6601248884924175
[ 0.37179443],0.176,0.6628010704727921
[ 0.37050906],0.177,0.6628010704727921
[ 0.36793959],0.178,0.6628010704727921
[ 0.36520129],0.179,0.6663693131132917
[ 0.36396879],0.18,0.6681534344335415
[ 0.36221501],0.181,0.6690454950936664
[ 0.36036566],0.182,0.6690454950936664
[ 0.35877839],0.183,0.6717216770740411
[ 0.35731769],0.184,0.6717216770740411
[ 0.35605493],0.185,0.6726137377341659
[ 0.35459566],0.186,0.6735057983942908
[ 0.35292748],0.187,0.6735057983942908
[ 0.35092694],0.188,0.6752899197145406
[ 0.34896615],0.189,0.6770740410347904
[ 0.34703481],0.19,0.6770740410347904
[ 0.3459146],0.191,0.6779661016949152
[ 0.34410039],0.192,0.6779661016949152
[ 0.34214729],0.193,0.6797502230151651
[ 0.34001666],0.194,0.6797502230151651
[ 0.33827862],0.195,0.6806422836752899
[ 0.33695766],0.196,0.6806422836752899
[ 0.33576056],0.197,0.6815343443354148
[ 0.33449548],0.198,0.6842105263157895
[ 0.33202913],0.199,0.6859946476360392
[ 0.33032703],0.2,0.6859946476360392
[ 0.32822189],0.201,0.6868867082961642
[ 0.32570541],0.202,0.6886708296164139
[ 0.32341579],0.203,0.6913470115967886
[ 0.32097727],0.20400000000000001,0.6922390722569135
[ 0.31968817],0.20500000000000002,0.6931311329170383
[ 0.31825987],0.20600000000000002,0.6940231935771632
[ 0.31701106],0.20700000000000002,0.6949152542372882
[ 0.3155022],0.20800000000000002,0.695807314897413
[ 0.31423539],0.209,0.695807314897413
[ 0.31309932],0.21,0.695807314897413
[ 0.31207049],0.211,0.695807314897413
[ 0.31107426],0.212,0.6966993755575379
[ 0.30890855],0.213,0.6975914362176628
[ 0.30656084],0.214,0.7011596788581623
[ 0.30565676],0.215,0.7020517395182873
[ 0.30384266],0.216,0.7029438001784122
[ 0.30200154],0.217,0.703835860838537
[ 0.30115238],0.218,0.703835860838537
[ 0.29910582],0.219,0.7047279214986619
[ 0.29761115],0.22,0.7047279214986619
[ 0.29604673],0.221,0.7056199821587869
[ 0.29446054],0.222,0.7065120428189117
[ 0.29322144],0.223,0.7065120428189117
[ 0.29163885],0.224,0.7074041034790366
[ 0.28949907],0.225,0.7127564674397859
[ 0.28811324],0.226,0.7127564674397859
[ 0.28617606],0.227,0.7145405887600357
[ 0.28365922],0.228,0.7172167707404103
[ 0.28239161],0.229,0.7181088314005353
[ 0.28049487],0.23,0.7181088314005353
[ 0.27900562],0.231,0.719892952720785
[ 0.2775085],0.232,0.72078501338091
[ 0.27528998],0.233,0.72078501338091
[ 0.27396357],0.234,0.72078501338091
[ 0.27288693],0.23500000000000001,0.7225691347011597
[ 0.27139723],0.23600000000000002,0.7225691347011597
[ 0.26940089],0.23700000000000002,0.7243532560214094
[ 0.268686],0.23800000000000002,0.7243532560214094
[ 0.2672286],0.23900000000000002,0.7270294380017841
[ 0.26528046],0.24,0.7270294380017841
[ 0.26369417],0.241,0.7297056199821588
[ 0.26198545],0.242,0.7305976806422837
[ 0.26077273],0.243,0.7314897413024085
[ 0.25938565],0.244,0.7314897413024085
[ 0.25839913],0.245,0.7332738626226584
[ 0.25695738],0.246,0.7350579839429081
[ 0.25576913],0.247,0.7368421052631579
[ 0.25378662],0.248,0.7368421052631579
[ 0.25161207],0.249,0.7377341659232828
[ 0.25077963],0.25,0.7377341659232828
[ 0.24908671],0.251,0.7413024085637824
[ 0.24760348],0.252,0.7421944692239072
[ 0.2459989],0.253,0.7430865298840321
[ 0.24383594],0.254,0.7466547725245317
[ 0.24127004],0.255,0.7502230151650312
[ 0.24043076],0.256,0.7502230151650312
[ 0.23902628],0.257,0.7511150758251561
[ 0.23722543],0.258,0.752007136485281
[ 0.23547886],0.259,0.7546833184656556
[ 0.23425119],0.26,0.7546833184656556
[ 0.2318048],0.261,0.7573595004460303
[ 0.23005368],0.262,0.7591436217662801
[ 0.2288253],0.263,0.7591436217662801
[ 0.22760829],0.264,0.7591436217662801
[ 0.22610493],0.265,0.760035682426405
[ 0.22436412],0.266,0.7627118644067796
[ 0.22311831],0.267,0.7644959857270295
[ 0.22095847],0.268,0.7671721677074042
[ 0.21967591],0.269,0.7689562890276539
[ 0.21869378],0.27,0.7689562890276539
[ 0.21764429],0.271,0.7707404103479036
[ 0.21652079],0.272,0.7707404103479036
[ 0.2153604],0.273,0.7707404103479036
[ 0.21447082],0.274,0.7707404103479036
[ 0.21317631],0.275,0.7707404103479036
[ 0.21189633],0.276,0.7725245316681534
[ 0.21106827],0.277,0.7734165923282783
[ 0.20952494],0.278,0.7743086529884032
[ 0.20796439],0.279,0.7769848349687779
[ 0.20682207],0.28,0.7769848349687779
[ 0.2060333],0.281,0.7778768956289027
[ 0.20425296],0.28200000000000003,0.7787689562890276
[ 0.20353244],0.28300000000000003,0.7787689562890276
[ 0.20233513],0.28400000000000003,0.7805530776092774
[ 0.20133612],0.28500000000000003,0.7805530776092774
[ 0.2004651],0.28600000000000003,0.7814451382694023
[ 0.1989219],0.28700000000000003,0.7823371989295272
[ 0.1975327],0.28800000000000003,0.7823371989295272
[ 0.19682184],0.289,0.7823371989295272
[ 0.19525732],0.29,0.784121320249777
[ 0.19451162],0.291,0.784121320249777
[ 0.19294919],0.292,0.7850133809099019
[ 0.19177304],0.293,0.7850133809099019
[ 0.19036676],0.294,0.7859054415700267
[ 0.18956682],0.295,0.7859054415700267
[ 0.18885532],0.296,0.7859054415700267
[ 0.18743132],0.297,0.7876895628902766
[ 0.18676573],0.298,0.7894736842105263
[ 0.18606183],0.299,0.7894736842105263
[ 0.1853596],0.3,0.7894736842105263
[ 0.18433186],0.301,0.7903657448706513
[ 0.18314725],0.302,0.7930419268510259
[ 0.1821931],0.303,0.7930419268510259
[ 0.18155211],0.304,0.7930419268510259
[ 0.18027008],0.305,0.7939339875111507
[ 0.17959888],0.306,0.7939339875111507
[ 0.1778916],0.307,0.7939339875111507
[ 0.17713806],0.308,0.7939339875111507
[ 0.1762803],0.309,0.7939339875111507
[ 0.17531435],0.31,0.7948260481712757
[ 0.17465793],0.311,0.7948260481712757
[ 0.17327948],0.312,0.7957181088314005
[ 0.1728846],0.313,0.7957181088314005
[ 0.172065],0.314,0.7957181088314005
[ 0.17107019],0.315,0.7957181088314005
[ 0.17035379],0.316,0.7975022301516503
[ 0.16947992],0.317,0.7992863514719001
[ 0.16890474],0.318,0.800178412132025
[ 0.16828254],0.319,0.800178412132025
[ 0.16721202],0.32,0.8010704727921498
[ 0.166759],0.321,0.8010704727921498
[ 0.16602242],0.322,0.8028545941123997
[ 0.16547406],0.323,0.8037466547725245
[ 0.16469163],0.324,0.8037466547725245
[ 0.16403624],0.325,0.8037466547725245
[ 0.16323607],0.326,0.8055307760927743
[ 0.16207969],0.327,0.808206958073149
[ 0.16121469],0.328,0.808206958073149
[ 0.16034281],0.329,0.8090990187332738
[ 0.15963343],0.33,0.8090990187332738
[ 0.15925103],0.331,0.8090990187332738
[ 0.15839113],0.332,0.8099910793933988
[ 0.15790348],0.333,0.8108831400535237
[ 0.15726064],0.334,0.8117752007136485
[ 0.15669802],0.335,0.8117752007136485
[ 0.15553965],0.336,0.8126672613737734
[ 0.15452608],0.337,0.8126672613737734
[ 0.15351675],0.338,0.8144513826940232
[ 0.15266661],0.339,0.8153434433541481
[ 0.15197033],0.34,0.8162355040142729
[ 0.15147328],0.341,0.8171275646743978
[ 0.15042329],0.342,0.8180196253345228
[ 0.14963077],0.343,0.8189116859946476
[ 0.14896281],0.34400000000000003,0.8189116859946476
[ 0.14797525],0.34500000000000003,0.8206958073148974
[ 0.14721088],0.34600000000000003,0.8206958073148974
[ 0.14665927],0.34700000000000003,0.8206958073148974
[ 0.14589792],0.34800000000000003,0.8206958073148974
[ 0.14540325],0.34900000000000003,0.8215878679750223
[ 0.14489369],0.35000000000000003,0.8215878679750223
[ 0.14399923],0.35100000000000003,0.8215878679750223
[ 0.14352299],0.352,0.8224799286351472
[ 0.14284314],0.353,0.8233719892952721
[ 0.14246471],0.354,0.8242640499553969
[ 0.14157225],0.355,0.8242640499553969
[ 0.14119135],0.356,0.8242640499553969
[ 0.14043276],0.357,0.8251561106155219
[ 0.13948613],0.358,0.8251561106155219
[ 0.13846612],0.359,0.8260481712756468
[ 0.13797227],0.36,0.8269402319357716
[ 0.1373117],0.361,0.8278322925958965
[ 0.13675927],0.362,0.8287243532560215
[ 0.13563956],0.363,0.8305084745762712
[ 0.13533239],0.364,0.8305084745762712
[ 0.1346505],0.365,0.8305084745762712
[ 0.13422222],0.366,0.8314005352363961
[ 0.1332625],0.367,0.8322925958965209
[ 0.13266572],0.368,0.8331846565566459
[ 0.13197568],0.369,0.8349687778768956
[ 0.13118933],0.37,0.8349687778768956
[ 0.13041277],0.371,0.8349687778768956
[ 0.12978001],0.372,0.8349687778768956
[ 0.12928824],0.373,0.8349687778768956
[ 0.1286806],0.374,0.8358608385370205
[ 0.12792549],0.375,0.8358608385370205
[ 0.12746812],0.376,0.8358608385370205
[ 0.12703195],0.377,0.8358608385370205
[ 0.12638013],0.378,0.8358608385370205
[ 0.1258164],0.379,0.8358608385370205
[ 0.12479178],0.38,0.8358608385370205
[ 0.12391111],0.381,0.8376449598572703
[ 0.1234278],0.382,0.8385370205173952
[ 0.12322553],0.383,0.8385370205173952
[ 0.12259159],0.384,0.8385370205173952
[ 0.12198757],0.385,0.8385370205173952
[ 0.12161084],0.386,0.8385370205173952
[ 0.12102827],0.387,0.840321141837645
[ 0.12061923],0.388,0.840321141837645
[ 0.120256],0.389,0.840321141837645
[ 0.11967843],0.39,0.8412132024977699
[ 0.11910243],0.391,0.8412132024977699
[ 0.11874219],0.392,0.8412132024977699
[ 0.11814298],0.393,0.8421052631578947
[ 0.11748728],0.394,0.8429973238180196
[ 0.11685081],0.395,0.8429973238180196
[ 0.11632139],0.396,0.8438893844781445
[ 0.11555412],0.397,0.8447814451382694
[ 0.11501749],0.398,0.8447814451382694
[ 0.1145964],0.399,0.8456735057983943
[ 0.11393259],0.4,0.8465655664585192
[ 0.11342467],0.401,0.8465655664585192
[ 0.11290854],0.402,0.8465655664585192
[ 0.11222471],0.403,0.847457627118644
[ 0.11195943],0.404,0.847457627118644
[ 0.1113404],0.405,0.847457627118644
[ 0.11088385],0.406,0.847457627118644
[ 0.11054009],0.40700000000000003,0.847457627118644
[ 0.11007924],0.40800000000000003,0.848349687778769
[ 0.10957048],0.40900000000000003,0.8501338090990187
[ 0.10916256],0.41000000000000003,0.8519179304192686
[ 0.10865649],0.41100000000000003,0.8519179304192686
[ 0.10813886],0.41200000000000003,0.8528099910793934
[ 0.10763197],0.41300000000000003,0.8537020517395183
[ 0.10708556],0.41400000000000003,0.8537020517395183
[ 0.10657839],0.41500000000000004,0.8545941123996432
[ 0.10615374],0.41600000000000004,0.8545941123996432
[ 0.10572001],0.417,0.8572702943800179
[ 0.10516067],0.418,0.8572702943800179
[ 0.10456192],0.419,0.8572702943800179
[ 0.10395811],0.42,0.8572702943800179
[ 0.10358763],0.421,0.8572702943800179
[ 0.10310882],0.422,0.8572702943800179
[ 0.10253081],0.423,0.8572702943800179
[ 0.10197857],0.424,0.8572702943800179
[ 0.10145024],0.425,0.8572702943800179
[ 0.10108779],0.426,0.8572702943800179
[ 0.10065804],0.427,0.8572702943800179
[ 0.10037335],0.428,0.8572702943800179
[ 0.10002021],0.429,0.8572702943800179
[ 0.09963183],0.43,0.8572702943800179
[ 0.09920362],0.431,0.8572702943800179
[ 0.09866122],0.432,0.8608385370205174
[ 0.09813099],0.433,0.8608385370205174
[ 0.09772976],0.434,0.8626226583407671
[ 0.0973961],0.435,0.8626226583407671
[ 0.09682615],0.436,0.863514719000892
[ 0.09625036],0.437,0.864406779661017
[ 0.09581253],0.438,0.8652988403211418
[ 0.09524468],0.439,0.8652988403211418
[ 0.09492932],0.44,0.8652988403211418
[ 0.09463079],0.441,0.8652988403211418
[ 0.0942535],0.442,0.8652988403211418
[ 0.09379454],0.443,0.8661909009812667
[ 0.09311293],0.444,0.8661909009812667
[ 0.09258612],0.445,0.8661909009812667
[ 0.09203019],0.446,0.8661909009812667
[ 0.09147944],0.447,0.8679750223015165
[ 0.09108696],0.448,0.8679750223015165
[ 0.09086583],0.449,0.8679750223015165
[ 0.09054],0.45,0.8679750223015165
[ 0.09028347],0.451,0.8688670829616414
[ 0.08978654],0.452,0.8697591436217663
[ 0.08944773],0.453,0.8697591436217663
[ 0.08920382],0.454,0.8697591436217663
[ 0.08866177],0.455,0.8706512042818911
[ 0.08820057],0.456,0.8715432649420161
[ 0.08782123],0.457,0.8715432649420161
[ 0.0873303],0.458,0.8715432649420161
[ 0.08710926],0.459,0.8715432649420161
[ 0.08683953],0.46,0.8715432649420161
[ 0.086337],0.461,0.872435325602141
[ 0.08589293],0.462,0.872435325602141
[ 0.08556907],0.463,0.8733273862622658
[ 0.0853236],0.464,0.8733273862622658
[ 0.08492218],0.465,0.8733273862622658
[ 0.08446917],0.466,0.8733273862622658
[ 0.08416671],0.467,0.8733273862622658
[ 0.08387529],0.468,0.8742194469223907
[ 0.08340088],0.46900000000000003,0.8751115075825157
[ 0.08310392],0.47000000000000003,0.8751115075825157
[ 0.08274868],0.47100000000000003,0.8760035682426405
[ 0.08242156],0.47200000000000003,0.8760035682426405
[ 0.08207579],0.47300000000000003,0.8768956289027654
[ 0.08178596],0.47400000000000003,0.8777876895628903
[ 0.08143248],0.47500000000000003,0.8777876895628903
[ 0.08109968],0.47600000000000003,0.8777876895628903
[ 0.08059034],0.47700000000000004,0.8777876895628903
[ 0.0801149],0.47800000000000004,0.8777876895628903
[ 0.0796674],0.47900000000000004,0.8777876895628903
[ 0.07906375],0.48,0.8786797502230151
[ 0.0785936],0.481,0.8786797502230151
[ 0.07823673],0.482,0.8804638715432649
[ 0.07801837],0.483,0.8804638715432649
[ 0.07774092],0.484,0.8804638715432649
[ 0.07738844],0.485,0.8804638715432649
[ 0.07667118],0.486,0.8813559322033898
[ 0.0762753],0.487,0.8822479928635147
[ 0.07595521],0.488,0.8831400535236396
[ 0.07560165],0.489,0.8840321141837645
[ 0.07530227],0.49,0.8840321141837645
[ 0.0749937],0.491,0.8840321141837645
[ 0.07479819],0.492,0.8849241748438894
[ 0.07441407],0.493,0.8867082961641392
[ 0.07405713],0.494,0.8876003568242641
[ 0.07381307],0.495,0.8884924174843889
[ 0.07347295],0.496,0.8884924174843889
[ 0.07311548],0.497,0.8884924174843889
[ 0.07261539],0.498,0.8884924174843889
[ 0.07234108],0.499,0.8884924174843889
[ 0.0720739],0.5,0.8893844781445138
[ 0.07175081],0.501,0.8893844781445138
[ 0.07137235],0.502,0.8893844781445138
[ 0.07114394],0.503,0.8902765388046388
[ 0.07092908],0.504,0.8902765388046388
[ 0.0706116],0.505,0.8902765388046388
[ 0.07031878],0.506,0.8911685994647636
[ 0.06981069],0.507,0.8920606601248885
[ 0.06948247],0.508,0.8920606601248885
[ 0.06916981],0.509,0.8920606601248885
[ 0.06873425],0.51,0.8920606601248885
[ 0.06836813],0.511,0.8929527207850134
[ 0.06805836],0.512,0.8929527207850134
[ 0.06766858],0.513,0.8929527207850134
[ 0.06721199],0.514,0.8929527207850134
[ 0.06656334],0.515,0.8956289027653881
[ 0.06630743],0.516,0.8965209634255129
[ 0.06586608],0.517,0.8965209634255129
[ 0.06549281],0.518,0.8974130240856378
[ 0.06526706],0.519,0.8974130240856378
[ 0.06481922],0.52,0.8974130240856378
[ 0.06445495],0.521,0.8974130240856378
[ 0.06419468],0.522,0.8974130240856378
[ 0.06386052],0.523,0.8974130240856378
[ 0.0636739],0.524,0.8974130240856378
[ 0.06351892],0.525,0.8983050847457628
[ 0.06311283],0.526,0.8983050847457628
[ 0.0627398],0.527,0.8991971454058876
[ 0.06244199],0.528,0.9000892060660125
[ 0.06223913],0.529,0.9000892060660125
[ 0.06193658],0.53,0.9000892060660125
[ 0.06160432],0.531,0.9009812667261374
[ 0.06133159],0.532,0.9009812667261374
[ 0.06108369],0.533,0.9009812667261374
[ 0.0608509],0.534,0.9009812667261374
[ 0.06062621],0.535,0.9018733273862622
[ 0.06035324],0.536,0.9027653880463872
[ 0.06003099],0.537,0.9027653880463872
[ 0.05979009],0.538,0.903657448706512
[ 0.05951704],0.539,0.9054415700267618
[ 0.05917531],0.54,0.9054415700267618
[ 0.05875011],0.541,0.9063336306868867
[ 0.05846001],0.542,0.9081177520071365
[ 0.05816037],0.543,0.9081177520071365
[ 0.05792367],0.544,0.9081177520071365
[ 0.05756167],0.545,0.9081177520071365
[ 0.05736017],0.546,0.9081177520071365
[ 0.05707563],0.547,0.9081177520071365
[ 0.05683769],0.548,0.9081177520071365
[ 0.05653336],0.549,0.9081177520071365
[ 0.05624587],0.55,0.9081177520071365
[ 0.0560219],0.551,0.9090098126672613
[ 0.0558285],0.552,0.9090098126672613
[ 0.05553108],0.553,0.9090098126672613
[ 0.05528746],0.554,0.9107939339875112
[ 0.05505954],0.555,0.9107939339875112
[ 0.05481287],0.556,0.9107939339875112
[ 0.05457358],0.557,0.9107939339875112
[ 0.05428408],0.558,0.9107939339875112
[ 0.05403333],0.559,0.9107939339875112
[ 0.05379025],0.56,0.911685994647636
[ 0.0534203],0.561,0.911685994647636
[ 0.05310435],0.562,0.9125780553077609
[ 0.05286125],0.5630000000000001,0.9134701159678859
[ 0.05261833],0.5640000000000001,0.9152542372881356
[ 0.05236346],0.5650000000000001,0.9161462979482605
[ 0.05209727],0.5660000000000001,0.9161462979482605
[ 0.05183487],0.5670000000000001,0.9170383586083853
[ 0.0515092],0.5680000000000001,0.9170383586083853
[ 0.05122571],0.5690000000000001,0.9179304192685103
[ 0.050868],0.5700000000000001,0.9188224799286352
[ 0.05066225],0.5710000000000001,0.91971454058876
[ 0.05048341],0.5720000000000001,0.91971454058876
[ 0.05021863],0.5730000000000001,0.9206066012488849
[ 0.05002907],0.5740000000000001,0.9206066012488849
[ 0.04967348],0.5750000000000001,0.9206066012488849
[ 0.04937112],0.5760000000000001,0.9214986619090099
[ 0.04927263],0.577,0.9214986619090099
[ 0.04905021],0.578,0.9214986619090099
[ 0.04868145],0.579,0.9214986619090099
[ 0.04850771],0.58,0.9214986619090099
[ 0.04842457],0.581,0.9214986619090099
[ 0.04820446],0.582,0.9214986619090099
[ 0.04798897],0.583,0.9223907225691347
[ 0.04781166],0.584,0.9223907225691347
[ 0.04765126],0.585,0.9223907225691347
[ 0.04747668],0.586,0.9232827832292596
[ 0.04725922],0.587,0.9232827832292596
[ 0.04701119],0.588,0.9232827832292596
[ 0.04662422],0.589,0.9259589652096343
[ 0.04633961],0.59,0.9259589652096343
[ 0.04607987],0.591,0.9259589652096343
[ 0.04591575],0.592,0.9268510258697591
[ 0.04573034],0.593,0.927743086529884
[ 0.04530644],0.594,0.927743086529884
[ 0.0452265],0.595,0.927743086529884
[ 0.04504612],0.596,0.927743086529884
[ 0.0448087],0.597,0.928635147190009
[ 0.04469463],0.598,0.928635147190009
[ 0.04443693],0.599,0.928635147190009
[ 0.04417249],0.6,0.9295272078501338
[ 0.04396318],0.601,0.9295272078501338
[ 0.04367167],0.602,0.9304192685102587
[ 0.04344106],0.603,0.9304192685102587
[ 0.04324124],0.604,0.9304192685102587
[ 0.04304809],0.605,0.9304192685102587
[ 0.04290134],0.606,0.9304192685102587
[ 0.04271075],0.607,0.9304192685102587
[ 0.04249834],0.608,0.9313113291703836
[ 0.04230163],0.609,0.9313113291703836
[ 0.04216738],0.61,0.9313113291703836
[ 0.0419393],0.611,0.9313113291703836
[ 0.04174455],0.612,0.9322033898305084
[ 0.04140084],0.613,0.9330954504906334
[ 0.04119645],0.614,0.9330954504906334
[ 0.04098037],0.615,0.9348795718108831
[ 0.04074855],0.616,0.935771632471008
[ 0.04044837],0.617,0.936663693131133
[ 0.04020593],0.618,0.936663693131133
[ 0.04004448],0.619,0.936663693131133
[ 0.03986565],0.62,0.936663693131133
[ 0.03960633],0.621,0.9375557537912578
[ 0.03940026],0.622,0.9384478144513827
[ 0.03932236],0.623,0.9384478144513827
[ 0.03915169],0.624,0.9384478144513827
[ 0.03887301],0.625,0.9411239964317574
[ 0.03866843],0.626,0.9420160570918823
[ 0.03849677],0.627,0.9420160570918823
[ 0.03835749],0.628,0.9420160570918823
[ 0.03810657],0.629,0.9420160570918823
[ 0.03794408],0.63,0.9420160570918823
[ 0.03776231],0.631,0.9420160570918823
[ 0.03766324],0.632,0.9420160570918823
[ 0.0373873],0.633,0.9420160570918823
[ 0.03722873],0.634,0.9420160570918823
[ 0.03705012],0.635,0.9429081177520071
[ 0.03671999],0.636,0.9429081177520071
[ 0.03648033],0.637,0.9429081177520071
[ 0.03630852],0.638,0.9429081177520071
[ 0.03614394],0.639,0.9429081177520071
[ 0.03597548],0.64,0.9429081177520071
[ 0.03579907],0.641,0.9429081177520071
[ 0.0356083],0.642,0.943800178412132
[ 0.03537742],0.643,0.943800178412132
[ 0.03524103],0.644,0.943800178412132
[ 0.03514604],0.645,0.943800178412132
[ 0.03502566],0.646,0.943800178412132
[ 0.03483701],0.647,0.943800178412132
[ 0.03470615],0.648,0.943800178412132
[ 0.03456454],0.649,0.943800178412132
[ 0.03439622],0.65,0.944692239072257
[ 0.03426173],0.651,0.944692239072257
[ 0.03408511],0.652,0.9455842997323818
[ 0.03379403],0.653,0.9464763603925067
[ 0.0336451],0.654,0.9464763603925067
[ 0.03354757],0.655,0.9464763603925067
[ 0.03337368],0.656,0.9464763603925067
[ 0.03321327],0.657,0.9482604817127565
[ 0.03297688],0.658,0.9500446030330062
[ 0.03278141],0.659,0.9500446030330062
[ 0.03258542],0.66,0.9500446030330062
[ 0.03241803],0.661,0.9509366636931311
[ 0.03232498],0.662,0.9509366636931311
[ 0.03215365],0.663,0.9509366636931311
[ 0.0318738],0.664,0.9509366636931311
[ 0.03179033],0.665,0.951828724353256
[ 0.03155401],0.666,0.951828724353256
[ 0.03144073],0.667,0.951828724353256
[ 0.0312679],0.668,0.951828724353256
[ 0.03116608],0.669,0.951828724353256
[ 0.03102235],0.67,0.951828724353256
[ 0.03080671],0.671,0.951828724353256
[ 0.03070983],0.672,0.951828724353256
[ 0.03049238],0.673,0.951828724353256
[ 0.03038999],0.674,0.9527207850133809
[ 0.03023726],0.675,0.9536128456735058
[ 0.03016013],0.676,0.9545049063336307
[ 0.0299691],0.677,0.9553969669937555
[ 0.02988807],0.678,0.9553969669937555
[ 0.02963387],0.679,0.9553969669937555
[ 0.02945163],0.68,0.9553969669937555
[ 0.02933278],0.681,0.9571810883140054
[ 0.02922145],0.682,0.9571810883140054
[ 0.02905316],0.683,0.9580731489741302
[ 0.02892446],0.684,0.9580731489741302
[ 0.02874483],0.685,0.9580731489741302
[ 0.02860536],0.686,0.9580731489741302
[ 0.02841951],0.687,0.9589652096342551
[ 0.02822342],0.6880000000000001,0.9598572702943801
[ 0.0280517],0.6890000000000001,0.9598572702943801
[ 0.02795648],0.6900000000000001,0.9598572702943801
[ 0.02785135],0.6910000000000001,0.9598572702943801
[ 0.02777678],0.6920000000000001,0.9598572702943801
[ 0.02758921],0.6930000000000001,0.9598572702943801
[ 0.02747144],0.6940000000000001,0.9598572702943801
[ 0.02726686],0.6950000000000001,0.9598572702943801
[ 0.02716378],0.6960000000000001,0.9598572702943801
[ 0.02696945],0.6970000000000001,0.9607493309545049
[ 0.02682149],0.6980000000000001,0.9607493309545049
[ 0.0266482],0.6990000000000001,0.9607493309545049
[ 0.02654718],0.7000000000000001,0.9607493309545049
[ 0.02628637],0.7010000000000001,0.9607493309545049
[ 0.02611124],0.7020000000000001,0.9607493309545049
[ 0.02600971],0.7030000000000001,0.9616413916146298
[ 0.0258206],0.704,0.9616413916146298
[ 0.02558399],0.705,0.9616413916146298
[ 0.0254028],0.706,0.9616413916146298
[ 0.02533375],0.707,0.9616413916146298
[ 0.02521776],0.708,0.9616413916146298
[ 0.02507895],0.709,0.9625334522747547
[ 0.02494899],0.71,0.9625334522747547
[ 0.02485461],0.711,0.9625334522747547
[ 0.02474082],0.712,0.9634255129348795
[ 0.02460172],0.713,0.9634255129348795
[ 0.02444644],0.714,0.9634255129348795
[ 0.02429034],0.715,0.9634255129348795
[ 0.02415121],0.716,0.9634255129348795
[ 0.02400229],0.717,0.9634255129348795
[ 0.02386703],0.718,0.9634255129348795
[ 0.02373444],0.719,0.9634255129348795
[ 0.0236384],0.72,0.9634255129348795
[ 0.02355309],0.721,0.9634255129348795
[ 0.0234289],0.722,0.9643175735950045
[ 0.02322196],0.723,0.9643175735950045
[ 0.02312202],0.724,0.9643175735950045
[ 0.02297048],0.725,0.9643175735950045
[ 0.02285273],0.726,0.9652096342551294
[ 0.02267073],0.727,0.9661016949152542
[ 0.02256243],0.728,0.9661016949152542
[ 0.02246988],0.729,0.9661016949152542
[ 0.02227411],0.73,0.9661016949152542
[ 0.0221655],0.731,0.9661016949152542
[ 0.02202237],0.732,0.9661016949152542
[ 0.02184194],0.733,0.9661016949152542
[ 0.02166836],0.734,0.9669937555753791
[ 0.02151528],0.735,0.9669937555753791
[ 0.02135808],0.736,0.9669937555753791
[ 0.02115802],0.737,0.9687778768956289
[ 0.02102444],0.738,0.9687778768956289
[ 0.02093299],0.739,0.9687778768956289
[ 0.02079935],0.74,0.9687778768956289
[ 0.02067459],0.741,0.9687778768956289
[ 0.02057816],0.742,0.9687778768956289
[ 0.02040862],0.743,0.9687778768956289
[ 0.02027519],0.744,0.9696699375557538
[ 0.02007157],0.745,0.9705619982158786
[ 0.01994732],0.746,0.9705619982158786
[ 0.01978694],0.747,0.9705619982158786
[ 0.01968195],0.748,0.9723461195361285
[ 0.01957129],0.749,0.9723461195361285
[ 0.01949739],0.75,0.9723461195361285
[ 0.01943353],0.751,0.9723461195361285
[ 0.0193291],0.752,0.9723461195361285
[ 0.01926236],0.753,0.9723461195361285
[ 0.01918741],0.754,0.9723461195361285
[ 0.01906295],0.755,0.9723461195361285
[ 0.01898676],0.756,0.9723461195361285
[ 0.01888082],0.757,0.9723461195361285
[ 0.01878865],0.758,0.9723461195361285
[ 0.01870208],0.759,0.9723461195361285
[ 0.0185905],0.76,0.9723461195361285
[ 0.01846178],0.761,0.9723461195361285
[ 0.01825259],0.762,0.9732381801962533
[ 0.01811381],0.763,0.9732381801962533
[ 0.01802109],0.764,0.9732381801962533
[ 0.01786413],0.765,0.9732381801962533
[ 0.01777045],0.766,0.9732381801962533
[ 0.0176838],0.767,0.9732381801962533
[ 0.01759997],0.768,0.9732381801962533
[ 0.01749736],0.769,0.9732381801962533
[ 0.01737099],0.77,0.9732381801962533
[ 0.01724556],0.771,0.9732381801962533
[ 0.01712315],0.772,0.9732381801962533
[ 0.01703123],0.773,0.9741302408563782
[ 0.01697021],0.774,0.9741302408563782
[ 0.01679202],0.775,0.9741302408563782
[ 0.0166903],0.776,0.9741302408563782
[ 0.01658695],0.777,0.9741302408563782
[ 0.01643934],0.778,0.9741302408563782
[ 0.01629528],0.779,0.9741302408563782
[ 0.01621046],0.78,0.9741302408563782
[ 0.01612434],0.781,0.9741302408563782
[ 0.01597189],0.782,0.9741302408563782
[ 0.01587555],0.783,0.9741302408563782
[ 0.01581976],0.784,0.9750223015165032
[ 0.01572226],0.785,0.975914362176628
[ 0.01559497],0.786,0.975914362176628
[ 0.01551371],0.787,0.975914362176628
[ 0.01540176],0.788,0.975914362176628
[ 0.01533524],0.789,0.975914362176628
[ 0.01521582],0.79,0.975914362176628
[ 0.01511551],0.791,0.975914362176628
[ 0.0149705],0.792,0.975914362176628
[ 0.01481245],0.793,0.975914362176628
[ 0.01468961],0.794,0.975914362176628
[ 0.01459869],0.795,0.975914362176628
[ 0.01452369],0.796,0.975914362176628
[ 0.01439055],0.797,0.9768064228367529
[ 0.01431594],0.798,0.9776984834968778
[ 0.0142095],0.799,0.9776984834968778
[ 0.01410595],0.8,0.9776984834968778
[ 0.01398443],0.801,0.9785905441570026
[ 0.01384491],0.802,0.9785905441570026
[ 0.01369953],0.803,0.9785905441570026
[ 0.01359583],0.804,0.9794826048171276
[ 0.01350386],0.805,0.9794826048171276
[ 0.01337823],0.806,0.9794826048171276
[ 0.01329499],0.807,0.9794826048171276
[ 0.0132165],0.808,0.9794826048171276
[ 0.01310661],0.809,0.9794826048171276
[ 0.01301913],0.81,0.9794826048171276
[ 0.01293525],0.811,0.9794826048171276
[ 0.01288696],0.812,0.9794826048171276
[ 0.01276854],0.8130000000000001,0.9794826048171276
[ 0.01267102],0.8140000000000001,0.9803746654772525
[ 0.01259868],0.8150000000000001,0.9803746654772525
[ 0.01254181],0.8160000000000001,0.9803746654772525
[ 0.01245686],0.8170000000000001,0.9803746654772525
[ 0.0123197],0.8180000000000001,0.9803746654772525
[ 0.01224108],0.8190000000000001,0.9803746654772525
[ 0.01213792],0.8200000000000001,0.9803746654772525
[ 0.01204924],0.8210000000000001,0.9803746654772525
[ 0.01197182],0.8220000000000001,0.9803746654772525
[ 0.01190641],0.8230000000000001,0.9803746654772525
[ 0.0118392],0.8240000000000001,0.9812667261373773
[ 0.01173877],0.8250000000000001,0.9812667261373773
[ 0.01165594],0.8260000000000001,0.9812667261373773
[ 0.01157531],0.8270000000000001,0.9812667261373773
[ 0.01151787],0.8280000000000001,0.9812667261373773
[ 0.0114292],0.8290000000000001,0.9812667261373773
[ 0.01130282],0.8300000000000001,0.9812667261373773
[ 0.01124521],0.8310000000000001,0.9812667261373773
[ 0.0112084],0.8320000000000001,0.9812667261373773
[ 0.01113634],0.833,0.9812667261373773
[ 0.01107961],0.834,0.9812667261373773
[ 0.01099881],0.835,0.9812667261373773
[ 0.01093728],0.836,0.9812667261373773
[ 0.01089597],0.837,0.9812667261373773
[ 0.0108211],0.838,0.9812667261373773
[ 0.01072499],0.839,0.9812667261373773
[ 0.01062397],0.84,0.9812667261373773
[ 0.01052146],0.841,0.9821587867975022
[ 0.01043452],0.842,0.9821587867975022
[ 0.01034387],0.843,0.9821587867975022
[ 0.01028662],0.844,0.9821587867975022
[ 0.01022919],0.845,0.9821587867975022
[ 0.01017677],0.846,0.9821587867975022
[ 0.01005273],0.847,0.9821587867975022
[ 0.00993071],0.848,0.9830508474576272
[ 0.00988033],0.849,0.9830508474576272
[ 0.00977236],0.85,0.9830508474576272
[ 0.0097068],0.851,0.9830508474576272
[ 0.00961057],0.852,0.9830508474576272
[ 0.00952661],0.853,0.9830508474576272
[ 0.00945081],0.854,0.9830508474576272
[ 0.00940006],0.855,0.9830508474576272
[ 0.00928407],0.856,0.9830508474576272
[ 0.00922168],0.857,0.9830508474576272
[ 0.00915584],0.858,0.9830508474576272
[ 0.00907804],0.859,0.9830508474576272
[ 0.00897546],0.86,0.9830508474576272
[ 0.00888576],0.861,0.9830508474576272
[ 0.00883235],0.862,0.983942908117752
[ 0.00877785],0.863,0.983942908117752
[ 0.00867021],0.864,0.9848349687778769
[ 0.0085576],0.865,0.9848349687778769
[ 0.00851562],0.866,0.9848349687778769
[ 0.00842345],0.867,0.9866190900981266
[ 0.00834452],0.868,0.9866190900981266
[ 0.00829933],0.869,0.9866190900981266
[ 0.00823211],0.87,0.9866190900981266
[ 0.00814728],0.871,0.9866190900981266
[ 0.00808855],0.872,0.9866190900981266
[ 0.00799749],0.873,0.9866190900981266
[ 0.0079086],0.874,0.9875111507582516
[ 0.00781948],0.875,0.9884032114183765
[ 0.00774577],0.876,0.9884032114183765
[ 0.0076722],0.877,0.9884032114183765
[ 0.00760357],0.878,0.9884032114183765
[ 0.00753326],0.879,0.9884032114183765
[ 0.00745046],0.88,0.9884032114183765
[ 0.00734515],0.881,0.9884032114183765
[ 0.00730021],0.882,0.9892952720785013
[ 0.00723045],0.883,0.9901873327386262
[ 0.00712432],0.884,0.9901873327386262
[ 0.00704728],0.885,0.9901873327386262
[ 0.00696349],0.886,0.9901873327386262
[ 0.00691739],0.887,0.9901873327386262
[ 0.00688313],0.888,0.9901873327386262
[ 0.00683615],0.889,0.9910793933987511
[ 0.0067741],0.89,0.9910793933987511
[ 0.00669478],0.891,0.9910793933987511
[ 0.00662339],0.892,0.9910793933987511
[ 0.00653496],0.893,0.9910793933987511
[ 0.00649228],0.894,0.9910793933987511
[ 0.00645381],0.895,0.9910793933987511
[ 0.00639691],0.896,0.9910793933987511
[ 0.0063542],0.897,0.9910793933987511
[ 0.00629454],0.898,0.9910793933987511
[ 0.00620798],0.899,0.9910793933987511
[ 0.00610016],0.9,0.9910793933987511
[ 0.00603516],0.901,0.9910793933987511
[ 0.00599272],0.902,0.9910793933987511
[ 0.00592635],0.903,0.991971454058876
[ 0.00587653],0.904,0.991971454058876
[ 0.00576158],0.905,0.991971454058876
[ 0.0056924],0.906,0.991971454058876
[ 0.00566035],0.907,0.991971454058876
[ 0.00558063],0.908,0.991971454058876
[ 0.00549233],0.909,0.991971454058876
[ 0.00542576],0.91,0.991971454058876
[ 0.00535783],0.911,0.991971454058876
[ 0.0053066],0.912,0.991971454058876
[ 0.00519054],0.913,0.9928635147190009
[ 0.00512116],0.914,0.9928635147190009
[ 0.00500154],0.915,0.9928635147190009
[ 0.00494839],0.916,0.9928635147190009
[ 0.00485504],0.917,0.9928635147190009
[ 0.0048096],0.918,0.9928635147190009
[ 0.00474068],0.919,0.9928635147190009
[ 0.00465108],0.92,0.9928635147190009
[ 0.00454951],0.921,0.9928635147190009
[ 0.00446],0.922,0.9928635147190009
[ 0.00436925],0.923,0.9928635147190009
[ 0.00427503],0.924,0.9928635147190009
[ 0.00419632],0.925,0.9928635147190009
[ 0.00415337],0.926,0.9937555753791257
[ 0.00409533],0.927,0.9937555753791257
[ 0.00403155],0.928,0.9937555753791257
[ 0.00399608],0.929,0.9937555753791257
[ 0.00394446],0.93,0.9946476360392507
[ 0.00388641],0.931,0.9946476360392507
[ 0.00380069],0.932,0.9946476360392507
[ 0.00371619],0.933,0.9946476360392507
[ 0.00367803],0.934,0.9946476360392507
[ 0.00362327],0.935,0.9946476360392507
[ 0.00357685],0.936,0.9946476360392507
[ 0.00351352],0.937,0.9946476360392507
[ 0.00344943],0.9380000000000001,0.9946476360392507
[ 0.00338518],0.9390000000000001,0.9946476360392507
[ 0.00331414],0.9400000000000001,0.9946476360392507
[ 0.00323038],0.9410000000000001,0.9946476360392507
[ 0.00315999],0.9420000000000001,0.9946476360392507
[ 0.00310313],0.9430000000000001,0.9946476360392507
[ 0.00305605],0.9440000000000001,0.9946476360392507
[ 0.00300156],0.9450000000000001,0.9946476360392507
[ 0.00293939],0.9460000000000001,0.9946476360392507
[ 0.00282686],0.9470000000000001,0.9946476360392507
[ 0.00278413],0.9480000000000001,0.9955396966993756
[ 0.0027502],0.9490000000000001,0.9955396966993756
[ 0.00269282],0.9500000000000001,0.9955396966993756
[ 0.00262321],0.9510000000000001,0.9955396966993756
[ 0.0025818],0.9520000000000001,0.9955396966993756
[ 0.00255836],0.9530000000000001,0.9955396966993756
[ 0.00253354],0.9540000000000001,0.9955396966993756
[ 0.00249329],0.9550000000000001,0.9955396966993756
[ 0.00243021],0.9560000000000001,0.9955396966993756
[ 0.0023563],0.9570000000000001,0.9955396966993756
[ 0.0022962],0.9580000000000001,0.9955396966993756
[ 0.00223375],0.9590000000000001,0.9955396966993756
[ 0.00218957],0.96,0.9955396966993756
[ 0.00210548],0.961,0.9955396966993756
[ 0.0020394],0.962,0.9955396966993756
[ 0.00195261],0.963,0.9955396966993756
[ 0.00188318],0.964,0.9955396966993756
[ 0.00185301],0.965,0.9955396966993756
[ 0.00180954],0.966,0.9955396966993756
[ 0.00174019],0.967,0.9955396966993756
[ 0.00167997],0.968,0.9955396966993756
[ 0.00157731],0.969,0.9955396966993756
[ 0.00151704],0.97,0.9955396966993756
[ 0.00147196],0.971,0.9955396966993756
[ 0.00138878],0.972,0.9955396966993756
[ 0.00129729],0.973,0.9955396966993756
[ 0.00126003],0.974,0.9955396966993756
[ 0.00120773],0.975,0.9955396966993756
[ 0.00111939],0.976,0.9964317573595004
[ 0.00108996],0.977,0.9964317573595004
[ 0.00104734],0.978,0.9964317573595004
[ 0.00096838],0.979,0.9964317573595004
[ 0.00091049],0.98,0.9964317573595004
[ 0.00082612],0.981,0.9964317573595004
[ 0.00078036],0.982,0.9973238180196253
[ 0.00073927],0.983,0.9973238180196253
[ 0.00069255],0.984,0.9973238180196253
[ 0.00064537],0.985,0.9973238180196253
[ 0.00060333],0.986,0.9973238180196253
[ 0.00056798],0.987,0.9973238180196253
[ 0.00053208],0.988,0.9973238180196253
[ 0.00046289],0.989,0.9973238180196253
[ 0.00041366],0.99,0.9982158786797503
[ 0.00035832],0.991,0.9982158786797503
[ 0.00029895],0.992,0.9982158786797503
[ 0.00022629],0.993,0.9982158786797503
[ 0.00017933],0.994,0.9991079393398751
[ 0.00014912],0.995,0.9991079393398751
[ 0.00011216],0.996,0.9991079393398751
[  7.39921525e-05],0.997,0.9991079393398751
[  2.65916333e-05],0.998,1.0
[  2.59790231e-05],0.999,1.0
